cohen_kappa_score,matthews_corrcoef,accuracy_score,f1_score,precision_score,recall_score
0.8123979558516197,0.8131515237273659,0.9242618741976893,0.9242189545089251,0.9263706164849923,0.9242618741976893
0.8123979558516197,,,0.782608695652174,0.6666666666666666,0.9473684210526315
0.8123979558516197,,,0.948471615720524,0.9410745233968805,0.9559859154929577
0.8123979558516197,,,0.8664850136239782,0.9085714285714286,0.828125
