cohen_kappa_score,matthews_corrcoef,accuracy_score,f1_score,precision_score,recall_score
0.8032903563598286,0.8034818982014642,0.9192239858906526,0.9201554472588913,0.9221044692427566,0.9192239858906526
0.8032903563598286,,,0.6490066225165563,0.5568181818181818,0.7777777777777778
0.8032903563598286,,,0.9444039815489197,0.9432589718719689,0.9455517744287798
0.8032903563598286,,,0.8742857142857143,0.8934306569343066,0.855944055944056
