cohen_kappa_score,matthews_corrcoef,accuracy_score,f1_score,precision_score,recall_score
0.8633549585582992,0.863512998602511,0.9468787515006002,0.9468146766402288,0.9472332705509908,0.9468787515006002
,,,0.8206438426162493,0.8785557986870897,0.7698945349952061
,,,0.9648702594810379,0.9678646511162279,0.961894338871754
,,,0.9048337028824833,0.8849757113115891,0.9256033387769915
,,,0.0,0.0,0.0
